Stock Symbol,Float Shares,Current Price,3M Avg Volume
AACT,7500000,11.435,1030369.7142857143
ACDC,18141809,8.83,851327.5079365079
ACON,582330,6.8361,101149.71428571429
ABTS,2038248,4.38,154576.60317460317
ACR,7052507,18.43,40201.555555555555
ACNT,6446844,13.1655,74077.04761904762
ADVM,12273097,2.76,328013.3015873016
ADN,2533078,2.88,28698.88888888889
AEAEU,516209,10.82,15.951612903225806
AEAE,516209,11.6199,91.93548387096774
AEHL,837799,2.27,1020722.0158730159
AENT,11705927,3.5299,42917.793650793654
AFBI,4475075,18.2,13866.84126984127
AEYE,8622022,12.625,140306.31746031746
AFJK,3988921,11.15,7244.935483870968
AFCG,18232040,5.4,225109.22222222222
AFRI,3281994,7.87,16148.47619047619
AFYA,7491784,17.66,118950.19047619047
AGMH,1832289,3.215,1790790.1904761905
AGAE,13190345,2.7499,242138.57142857142
AGRO,6644545,9.06,1053173.9682539683
AHT,5180149,5.925,24551.650793650795
AIMAU,1945489,19.26,439.5967741935484
AIMBU,1945489,18.15,1236.6290322580646
AIRG,9880022,4.14,19287.93650793651
AIRI,2889617,3.4699,17409.06349206349
AIRS,8687662,4.97,467301.3968253968
AIRTP,1877884,17.0001,4213.333333333333
AIRT,1877884,17.79,2654.8387096774195
AITR,4848902,11.0,1113.4193548387098
AISP,18222680,4.88,837501.9841269841
AKA,712534,13.04,10985.290322580646
AITRU,4848902,11.24,20.016129032258064
ALBT,1416671,3.46,45232.22222222222
ALCY,1119473,11.5,4887.193548387097
ALF,15876109,10.56,180137.7142857143
ALFUU,15876109,10.63,212.26984126984127
ALGS,2941280,6.855,157441.22222222222
ALMS,8664083,3.81,994861.3333333334
ALSA,399996,12.06,8.419354838709678
ALOT,5775462,9.47,14844.15873015873
ALSAU,399996,12.1,12.741935483870968
ALTG,15377089,5.97,215480.85714285713
ALTS,17171720,9.91,191914.47619047618
ALUR,2942833,2.6963,1610523.9841269841
ALZN,715917,3.6699,1468818.238095238
AMCX,5479780,6.745,567875.5873015873
AMS,3419790,2.4149,12838.507936507936
AMPG,17559563,2.37,309558.5873015873
AMST,2691407,2.9207,1099004.761904762
AMWL,12199007,6.89,50355.206349206346
ANIK,10344468,11.37,74557.76190476191
ANRO,17903611,2.49,252695.77777777778
ANSC,6455381,10.76,134583.01612903227
AOGOU,2254453,10.42,0.0
ANVS,15698108,3.335,431336.77777777775
AOMR,13183128,9.135,134729.26984126985
AOGO,2254453,10.52,80.90322580645162
AOUT,11395856,11.69,51633.619047619046
AP,10840242,3.58,54503.49206349206
APLM,773105,6.5,25905.8064516129
APDN,428161,5.42,121881.07936507936
APT,8333227,4.6,28571.301587301587
APVO,405457,5.0,271429.2380952381
APXI,3992789,11.4,2783.6451612903224
ARBB,1002687,5.74,129266.73015873016
AREN,11923055,5.6179,223530.88888888888
ARKR,1622013,10.25,9980.790322580646
ARL,1308639,14.98,6204.6349206349205
ARTV,5916827,2.1038,320280.7619047619
ARQQW,6513792,2.02,1215.6507936507937
ASCB,687961,11.19,309.14516129032256
ASMB,4638210,16.192,23653.428571428572
ASPS,8438046,6.1782,17514.809523809523
ASST,14104627,5.915,13917249.936507937
ASRV,13699098,2.902,25302.095238095237
ASTC,1158844,5.8426,2688.968253968254
ASYS,9477132,4.05,69060.90476190476
ATEK,310137,10.0,9.67741935483871
ATLO,8726101,17.8,12664.952380952382
ATLX,9850775,4.74,181176.07936507938
ATMV,1235520,11.71,5880.645161290323
ATRA,3471735,9.035,59838.42857142857
ATNI,9904234,15.5784,65079.444444444445
AUID,11723748,5.1735,215659.9841269841
AUDC,19751279,9.68,81909.55555555556
AUUD,613580,4.98,99382.95238095238
AVTX,3682149,4.2,85181.36507936507
AWX,1967107,2.45,11304.952380952382
AXIL,3371209,6.05,12196.873015873016
BAFN,3615252,15.17,8357.84126984127
BALY,7087798,9.69,67913.39682539682
BAOS,937633,4.19,1428609.5873015872
BAYA,2064237,11.0101,17193.548387096773
BBGI,609328,4.775,3956.3968253968255
BBLGW,3223906,13.5,6.451612903225806
BCAL,17341570,14.86,107490.11111111111
BCBP,15312153,7.92,64765.60317460317
BCDA,3886990,2.15,80728.80952380953
BCOW,4685249,10.05,12123.222222222223
BCG,3144506,2.12,33796.1746031746
BCTX,3103243,3.43,1420091.0634920634
BEEP,14463912,3.88,28063.920634920636
BETR,7551460,11.08,54616.50793650794
BFIN,8484725,11.75,18355.4126984127
BGLC,1240011,3.145,656923.4920634921
BGM,2832616,12.89,26070.634920634922
BHAC,752533,19.0,22.580645161290324
BGSF,10355968,4.45,22040.714285714286
BHACU,752533,10.16,0.0
BHM,2619658,12.765,4413.920634920635
BIRD,5458291,8.43,51365.42857142857
BKHA,6464512,10.61,5111.290322580645
BKKT,6432356,14.39,448799.09523809527
BJDX,1125089,2.2699,1805959.619047619
BLBX,2052792,4.76,103987.41269841269
BLFY,16609115,8.8,53203.04761904762
BMR,8856886,3.1238,86339.66666666667
BNED,19203645,11.81,347512.6666666667
BMRA,2394050,3.3,34441.857142857145
BNGO,3162261,3.735,137515.73015873015
BNTC,12236132,16.07,48991.34920634921
BNIX,453999,11.35,460.3015873015873
BOF,7638102,2.085,139483.82539682538
BODI,3082855,3.72,22143.603174603173
BOOM,17137210,7.19,197776.47619047618
BOSC,5238119,4.55,160233.95238095237
BOTJ,3828671,14.2,4053.1290322580644
BOWN,199718,11.59,138117.2380952381
BRAC,757513,11.7,0.0
BRACU,757513,12.0,0.0
BRAG,18627767,4.265,40202.857142857145
BRFH,7233910,2.78,9606.650793650793
BRLS,5172056,6.38,31683.93650793651
BRID,1657883,7.675,3047.6507936507937
BROG,10122630,2.0817,471159.1904761905
BRT,12298828,15.835,37233.0
BSBK,8206154,7.1975,3074.4920634920636
BSET,8035813,16.68,25171.825396825396
BTCS,13697237,2.62,891225.0476190476
BTCT,6001930,3.25,239140.9365079365
BTMD,15380802,3.82,214717.47619047618
BTM,17588525,4.565,935846.3968253968
BVFL,7944893,15.04,20663.365079365078
BWMX,17126244,8.095,41153.23809523809
BYFC,5170569,6.15,6118.758064516129
BYNO,1007795,12.17,3765.0793650793653
BYNOU,1007795,11.89,3.225806451612903
CAAS,10622501,4.24,41364.80952380953
CATO,13500874,2.65,57741.269841269845
CCEL,4425790,5.1,12514.460317460318
CBAN,16180187,15.49,68163.01587301587
CCIX,19187686,10.6599,144813.26984126985
CCIXU,19187686,11.05,1931.6129032258063
CDIO,1605838,4.72,54084.1746031746
CCTSU,1732358,11.65,0.0
CDT,659587,2.655,326516.6031746032
CDRO,13851441,7.3,31224.68253968254
CELU,11684589,2.05,80852.80952380953
CEAD,621257,8.0539,10788.693548387097
CELZ,2167260,2.38,82466.06349206349
CFSB,2436290,13.61,10728.968253968254
CHCI,3512692,9.78,35001.46031746032
CHEB,7344521,9.6975,84403.63492063493
CING,4235481,4.321,140781.0634920635
CISS,365180,3.62,31750.174603174604
CITE,2249437,11.85,364.38709677419354
CITEU,2249437,11.7,0.0
CKX,1346175,11.18,5745.984126984127
CLGN,7651729,2.05,75602.68253968254
CLNN,6140157,4.3899,88297.28571428571
CLOE,4964643,12.47,0.0
CLOEU,4964643,10.81,0.0
CLPR,12871058,3.89,144365.19047619047
CLRC,1490084,12.0,3902.1774193548385
CLRCU,1490084,12.0,17.725806451612904
CLST,3116225,11.84,5186.841269841269
CMBT,15465487,9.5187,116074.98412698413
CMCL,14618114,18.7065,129192.19047619047
CMCT,730927,10.18,61955.8253968254
CMT,7273263,16.0,35614.968253968254
CNDA,8553,11.42,3.225806451612903
CNVS,12158686,3.59,67526.47619047618
CODA,4015712,6.545,29938.714285714286
COEP,2891713,9.15,57081.730158730155
COHN,989394,8.07,6583.0952380952385
COYA,12571345,5.92,59085.730158730155
CPBI,3138182,14.85,5324.412698412699
CNEY,474186,2.86,497332.3333333333
CPHC,2500529,17.4,1233.8709677419354
CPIX,7942269,5.615,43309.42857142857
CPSH,11267642,2.8182,83935.63492063493
CPSS,8753708,9.85,16540.126984126986
CRBP,7524021,9.09,167921.15873015873
CREV,1838404,2.83,154362.87301587302
CREX,7598561,3.38,94690.88888888889
CRIS,8381832,2.39,83296.33333333333
CRVO,4930090,7.55,4717153.365079365
CRWS,9331085,3.135,21297.777777777777
CSBR,5118582,6.8177,37195.666666666664
CSCI,2843297,3.6315,22327.777777777777
CSPI,6838187,13.81,20810.79365079365
CTNM,13167066,4.3715,89815.50793650794
CUB,15289787,10.53,74525.55555555556
CUBWU,15289787,10.62,1081.0645161290322
CULP,9039433,4.1999,20572.25396825397
CURV,14205506,4.88,274461.34920634923
CVKD,1389731,15.233,24778.555555555555
CVM,2997739,2.2622,146837.0
CVR,728386,13.095,4748.68253968254
CVRX,17884239,6.69,417928.92063492065
CVU,10858440,3.0058,40951.09523809524
CVV,5682815,3.365,26786.06349206349
CWD,730022,3.6,26558.968253968254
CWBC,14944475,17.92,49554.857142857145
CXDO,15406219,5.69,187860.68253968254
CYBN,16989242,8.9,274444.6349206349
CYCN,2309566,3.13,17033.84126984127
CYD,7805687,18.11,255497.12698412698
CYN,1590555,4.8088,74443.53968253969
CZNC,14768205,18.477,29396.365079365078
DAIO,8459436,2.79,25794.460317460318
CZWI,8446296,14.38,20135.698412698413
DARE,8711877,3.23,19240.4126984127
DALN,4289539,4.2001,32744.174603174604
DBGI,4146494,12.7,28202.88888888889
DATS,3934334,2.7,2668432.222222222
DDC,1994551,9.78,85573.11111111111
DDI,341374,10.4095,25267.31746031746
DECA,763035,11.43,308.4193548387097
DECAU,763035,11.84,3.225806451612903
DERM,11029848,7.68,95290.52380952382
DGICA,17383796,19.42,117396.60317460318
DGLY,1668342,2.3092,552057.6031746032
DGICB,17383796,17.98,833.8709677419355
DIST,306896,13.5999,2127.6190476190477
DLHC,6377809,5.49,63348.22222222222
DLNG,17373096,3.69,47362.380952380954
DMRC,13704515,13.46,220040.92063492062
DMYY,2338580,14.45,93619.22222222222
DNTH,10988423,18.83,345530.92063492065
DOYU,11469174,6.62,123382.80952380953
DOMH,7033464,5.306,440495.1111111111
DPRO,5396657,2.79,234548.66666666666
DSP,11164878,14.275,329520.7301587302
DSWL,4587596,2.3275,19191.285714285714
DTI,15508111,2.945,75729.19047619047
DTIL,9173074,5.535,139538.60317460317
DTSQU,5883495,10.45,74.60317460317461
DTSS,3778257,2.326,147975.84126984127
DTST,4161487,3.83,31994.365079365078
DUET,909140,11.3312,0.0
DUETU,909140,11.3,0.0
DUOT,8330911,8.5,108773.90476190476
DYCQ,3825120,10.8,3630.4285714285716
DXR,2110843,9.11,5547.809523809524
EBON,4613934,3.7485,7028.396825396825
EBMT,6666816,16.6,43263.28571428572
ECBK,8226531,16.05,19139.666666666668
ECOR,6251796,5.61,159350.82539682538
EDRY,1297906,8.44,4402.507936507936
EEX,13409052,4.67,124735.73015873016
EDBL,1653675,2.6072,3404809.1428571427
EGRX,9305684,2.25,7056.793650793651
EJH,173739,2.735,499307.3333333333
EGAN,14619492,5.89,52686.1746031746
EKSO,1659226,4.335,146858.87301587302
ELA,6736916,5.71,22431.14285714286
ELAB,1259303,2.15,615499.2222222222
ELLO,3367120,14.6,3622.809523809524
ELTK,3173391,10.04,17356.88888888889
ELSE,1636629,4.2765,30262.031746031746
ELTX,10311923,7.945,41867.39682539683
EMCG,1806066,12.0,2670.967741935484
ELWS,4118052,2.0144,74350.79365079365
EMCGU,1806066,12.1075,0.0
ENSC,1136079,2.455,1734824.9206349207
ENLT,106905,19.8192,17712.73015873016
ENTA,14358649,7.511,195004.39682539683
EPSN,17089029,7.3,68084.12698412698
ESCA,10089770,15.36,17182.984126984127
ESGL,18758347,2.44,32121.095238095237
ESHA,829763,11.28,3373.0158730158732
ESOA,12359643,11.05,224561.6349206349
ESSA,7955368,18.47,19554.174603174604
EUDA,18400048,3.55,91740.38095238095
EURKU,4723619,10.54,227.41935483870967
EVCM,14084854,10.31,178578.50793650793
EVGR,3318418,11.95,876.3064516129032
EVGRU,3318418,12.0,24.161290322580644
EVI,5090343,19.23,16074.825396825398
EVOK,1324768,3.0082,19917.619047619046
EYEN,2869028,3.93,2129448.4603174604
FAT,5472719,2.4478,37873.34920634921
FATBB,5472719,2.52,6103.952380952381
EVTL,16441693,5.035,304638.20634920633
FATBP,5472719,2.87,41886.57142857143
FBRX,2900046,10.61,48452.22222222222
FBYD,4230943,7.0,11525.682539682539
FCUV,6178799,4.0,29919.809523809523
FDSB,4893281,12.39,5685.6349206349205
FEAM,10876842,4.29,26870.20634920635
FEDU,3494351,10.1,6767.580645161291
FEIM,6771624,19.0011,93599.88888888889
FET,10738690,16.425,67113.03174603175
FENC,14370584,8.37,101989.68253968254
FGBIP,6111433,18.8485,1390.4126984126983
FGBI,6111433,9.01,19741.507936507936
FGF,800913,17.325,2834.5714285714284
FGFPP,800913,16.61,1477.4193548387098
FINW,8527264,14.655,20036.460317460318
FKWL,8442376,4.2948,35818.50793650794
FLD,9442543,4.3861,287688.0317460318
FLWS,14318957,5.0,743403.5396825396
FLYX,5225835,2.85,10028.126984126984
FMST,7671588,4.76,581511.3333333334
FNWB,5876997,8.56,14415.603174603175
FONR,6030734,14.49,22313.571428571428
FOR,19091960,19.535,200149.55555555556
FORA,7687002,2.15,15586.031746031746
FORL,1843529,11.4,583.8709677419355
FORD,790667,6.31,38239.269841269845
FORR,11346107,10.1,75420.73015873016
FRD,6133863,16.97,19754.365079365078
FRGT,566652,2.44,1231443.126984127
FRGE,9788257,14.87,131376.20634920636
FSEA,3831368,11.3,12336.57142857143
FSHPU,6650441,10.8,158.0483870967742
FSTR,8498342,19.51,39641.84126984127
FSI,8357363,4.27,34915.19047619047
FTII,1414958,11.7,80.64516129032258
FTCI,8253507,4.254,95975.1746031746
FTIIU,1414958,10.95,0.0
FTK,13728845,14.51,353513.9365079365
FTLF,2901653,14.57,18720.492063492064
FUFU,16605884,3.51,338704.4761904762
FUSB,4330792,12.645,7002.677419354839
FVCB,12114775,11.3,39515.60317460317
GAIA,13548395,4.9743,51475.71428571428
FXNC,6786303,19.765,21886.174603174604
GAMB,17094498,11.95,426432.2698412698
GASS,15772191,6.241,86759.58730158731
GAUZ,11413838,8.17,45585.30158730159
GBNY,1775982,16.57,1224.1935483870968
GDC,12282894,2.64,280270.1904761905
GDST,1962732,11.9,785.483870967742
GDSTU,1962732,10.72,6.161290322580645
GDTC,3593787,2.04,17906.301587301587
GEG,10218111,2.115,16028.619047619048
GENC,10277541,14.2,26402.0
GENK,4230241,4.15,88228.90476190476
GEOS,11745384,6.54,55382.76190476191
GHG,10172754,2.07,26033.174603174604
GHLD,10395943,14.77,13588.952380952382
GHRS,19743559,12.9,183748.3650793651
GHSI,1160582,3.22,0.0
GIFI,14659122,6.775,57075.65079365079
GLAC,6243638,10.82,8112.048387096775
GLACU,6243638,11.0,0.0
GLBZ,2352075,4.7287,5238.619047619048
GLSI,6112523,9.585,77056.26984126984
GLTO,1215565,3.22,269184.6666666667
GMM,2418268,2.69,39854.77777777778
GNTA,11223393,4.0,19349.031746031746
GOCO,5448634,5.93,61250.34920634921
GROW,10414850,2.44,27682.222222222223
GSUN,1287158,3.12,10959.095238095239
GTBP,1545527,2.669,43650.968253968254
GTEC,10983410,2.03,1585510.9047619049
GV,1678421,2.09,1239471.4126984128
GWRS,13204744,10.185,48708.444444444445
GYRE,19717013,8.36,250733.15873015873
GYRO,662461,8.2626,567.741935483871
HAFN,10239405,5.305,1807690.4603174604
HAIAU,591844,11.5,0.0
HAIA,591844,10.86,417.5806451612903
HBB,6387951,18.158,52237.857142857145
HCVI,3276458,11.4,3530.5967741935483
HCVIU,3276458,9.0,614.1129032258065
HFBL,1677057,13.4632,2374.714285714286
HHS,2422087,4.44,18708.14285714286
HLXB,11706071,10.8,22148.126984126986
HMST,15301447,13.005,160520.61904761905
HNNA,4777866,11.15,14070.47619047619
HOFT,10289702,10.87,74166.71428571429
HOLO,3819386,4.84,2947241.714285714
HPAI,6333399,4.75,21414.285714285714
HPK,17989823,11.195,348791.2698412698
HQI,5596080,9.9654,16708.5873015873
HSCS,995735,3.53,23784.301587301587
HSON,2182956,8.9,4462.142857142857
HSPO,1680252,12.11,2004.8387096774193
HSPOU,1680252,11.91,302.16129032258067
HUBC,9728395,2.29,296695.98412698414
HURC,5113015,13.84,22595.79365079365
HVT,13478084,19.61,144998.88888888888
HYMC,19685887,4.19,277532.873015873
HYFM,3586452,3.9701,297302.8253968254
IBAC,10766393,10.44,15469.354838709678
ICCC,6012490,6.62,25581.25396825397
IDAI,1859725,2.12,60897.730158730155
IDR,12315094,13.43,311266.79365079367
IDN,16316219,5.6526,245814.04761904763
IGTA,1242676,12.8,2467.6666666666665
IHT,2093071,2.33,3109.5079365079364
IMCC,1450440,2.845,207978.2857142857
IMMX,18072013,2.27,194525.42857142858
IMPP,11662503,3.105,147564.6349206349
INAB,2515257,3.3113,3086124.111111111
INBX,7712906,13.66,109208.87301587302
INDO,8445619,2.53,192669.47619047618
INFU,18289591,6.0,150406.3015873016
INLX,2933961,11.0,5003.809523809524
INKT,1032883,7.35,5733.761904761905
INMB,15213010,7.6,281893.65079365077
INM,1122091,2.903,1311354.8095238095
INSG,8443705,7.7999,113787.46031746031
INTE,368253,6.0,338.7096774193548
INTG,624239,10.18,1976.032258064516
INTT,10548185,6.2101,42935.80952380953
INTZ,16924956,2.1389,509550.14285714284
INVE,19251706,3.16,54836.19047619047
IPWR,6731832,5.03,17960.88888888889
IOR,364696,18.44,1562.6984126984128
IROHU,5151727,10.92,17.741935483870968
IROH,5151727,10.49,15385.492063492064
ISPO,637953,3.93,31255.190476190477
ISPR,19944950,2.572,56044.444444444445
ISRL,1160401,12.3446,12797.15873015873
ISRLU,1160401,14.4,87.47619047619048
ISSC,12374313,11.75,139367.9365079365
IVCA,1475384,12.0,2378.4193548387098
ISTR,8590024,18.825,30662.809523809523
IVCAU,1475384,11.86,6.338709677419355
IVCB,7392125,11.59,63.096774193548384
IXAQ,2846073,11.57,4378.677419354839
IVDA,2675109,2.34,65948.33333333333
IXAQU,2846073,11.41,17.693548387096776
IZEA,12140754,2.93,55103.30158730159
IZM,7399956,2.4407,35770.88888888889
JAGX,781012,3.93,133506.07936507938
JILL,4965643,16.74,115378.44444444444
JL,1030988,5.3499,24584.349206349205
JMSB,12387394,17.89,21764.031746031746
JRSH,6041316,3.1402,84794.87301587302
JSPR,9908441,5.965,194774.80952380953
JTAI,2519927,4.29,332892.95238095237
JVA,4552836,4.05,169870.85714285713
JVSA,4262487,10.85,31642.825396825396
JYNT,10902613,11.98,76230.15873015873
JVSAU,4262487,11.55,23.80952380952381
JZXN,10960406,4.24,164758.25396825396
KACL,783788,12.33,27.967741935483872
KALA,3851888,4.06,55360.28571428572
KFS,14072586,13.37,66663.90476190476
KFFB,2957473,2.32,2954.031746031746
KGEI,18494480,6.91,101465.25396825396
KINS,12097367,15.26,348560.14285714284
KMDA,9044715,6.8957,95566.77777777778
KORE,7073720,2.575,13518.269841269841
KOSS,5424272,5.9269,60357.50793650794
KPLT,4145295,9.4,38089.142857142855
KPRX,2074267,3.11,421129.2698412698
KPTI,7887109,4.53,114790.6507936508
KRRO,4888127,14.15,135046.92063492062
KSCP,6509304,6.155,293392.8095238095
KTCC,10003374,2.8699,42876.380952380954
KVAC,5787358,11.31,12061.290322580646
KVACU,5787358,11.31,59.67741935483871
KVHI,12904285,5.3922,33100.1746031746
KWE,510470,5.9893,206044.3650793651
KZR,4902630,4.4,28364.11111111111
LASE,9367671,2.3225,112559.8253968254
LAKE,9228179,18.369,85852.93650793651
LCFY,1122016,3.9913,20157.0
LCNB,13313840,14.125,20215.761904761905
LCUT,11856112,3.44,74480.6507936508
LE,11609133,8.06,242513.0158730159
LDWY,1054309,5.2001,6107.555555555556
LEDS,940077,2.8701,50945.90476190476
LEE,3467001,6.76,16846.460317460318
LEGT,19311090,10.62,34614.51612903226
LFCR,19405716,6.97,274417.65079365077
LGCB,995061,2.435,393299.1746031746
LFVN,8566007,12.54,182015.6507936508
LGL,3832756,6.61,4896.870967741936
LICN,693725,4.225,601507.5555555555
LINK,3127548,5.9,10107.095238095239
LIPO,4175897,3.0,79421.36507936507
LITM,5834749,3.6552,1088488.8412698412
LIVE,854859,15.17,14407.269841269841
LMNR,16415149,15.2884,81484.09523809524
LNSR,8495069,13.0784,170143.25396825396
LOAN,8631720,5.15,20244.904761904763
LOVE,11655802,19.405,537193.1746031746
LPA,3182160,7.9398,25677.174603174604
LPAAU,15945038,10.55,558.0645161290323
LPCN,5192520,3.165,30770.73015873016
LSBK,1826632,15.85,4577.206349206349
LSF,7758373,6.805,61988.206349206346
LSTA,7101945,2.705,12810.904761904761
LTRN,8086063,3.3,46566.98412698413
LVRO,8070462,2.53,5857.0317460317465
LUCY,1192394,2.83,1138170.0476190476
LYEL,9573072,12.825,85341.58730158731
LVWR,11499456,5.6348,3761807.746031746
MACI,11835892,10.41,11639.730158730159
MACIU,11835892,10.6,158.06451612903226
MAMO,4846423,2.1,9230.507936507936
MARPS,1611640,3.775,5920.047619047619
MAXN,6770181,3.0524,181729.20634920636
MCFT,9402821,17.82,97958.6507936508
MCRB,6436057,8.1,91535.8253968254
MDBH,4371810,3.79,5300.253968253968
MDRR,652997,11.98,1546.079365079365
MDV,9255662,14.125,46857.4126984127
MEC,14061434,15.15,112912.95238095238
MED,9182474,12.52,225846.85714285713
MEIP,4938576,2.145,7959.079365079365
MFI,12589614,2.3,734190.0158730159
MG,16606995,7.76,168186.96825396825
MFIN,15080079,9.65,43796.71428571428
MGYR,5551685,15.816,5099.238095238095
MHH,3438219,6.62,19292.73015873016
MI,5065150,2.45,27354.126984126986
MIND,7801346,6.86,161664.09523809524
MGRX,8986219,2.04,293629.6984126984
MLEC,897815,7.21,6773.079365079365
MLP,7559277,16.88,19651.238095238095
MNSB,6035212,18.525,21612.174603174604
MODV,9698302,3.9086,4439194.984126984
MOLN,14882000,3.7992,10857.0
MOV,16129333,15.52,232265.96825396825
MPAA,16333990,12.31,116528.90476190476
MPX,10131136,8.3,25684.11111111111
MRBK,6523584,13.2,49726.65079365079
MRAM,13870727,5.855,91220.77777777778
MSGM,2399161,2.72,775145.0952380953
MSSA,2875000,11.5,512.8870967741935
MTEK,4505126,2.5,36278.80952380953
MTEN,2739602,12.0605,156573.6984126984
MKTW,1784764,18.1,33138.47619047619
MTEX,809834,10.0919,3027.031746031746
MULN,402723,7.1292,914671.6507936508
MTR,1863590,5.0889,4982.619047619048
MURA,11282278,2.56,4707539.936507937
MVBF,11831317,19.59,31564.777777777777
MVO,7608860,5.7023,88943.03174603175
MXC,839146,6.75,5209.952380952381
MYNZ,2704032,2.0736,184942.6349206349
NA,3636067,6.9898,78261.14285714286
MYTE,17784440,7.64,208478.37096774194
NAII,4183855,3.41,13028.555555555555
NATR,10238279,14.64,56639.93650793651
NBST,411554,12.49,4.758064516129032
NCPL,1396421,2.6994,97935.55555555556
NDRA,738281,3.44,171235.44444444444
NEGG,2260662,9.71,320055.07936507935
NEON,13052582,10.26,98562.19047619047
NEUE,3781852,6.822,19144.174603174604
NEPH,9243611,3.375,16037.063492063493
NHTC,6810828,4.7,24772.333333333332
NISN,3278032,4.5678,46930.19047619047
NIVF,96149,2.175,2747717.111111111
NL,8295811,6.97,28422.460317460318
NLSP,2085072,2.12,174863.84126984127
NODK,5354100,12.89,18154.26984126984
NRC,13270457,14.79,89670.49206349206
NREF,8405098,15.29,44087.46031746032
NRT,8872320,5.2136,34450.49206349206
NRXP,13277408,3.17,228991.20634920636
NRXS,5090792,2.65,1577090.9047619049
NSPR,16849440,2.5,51270.74603174603
NSYS,913502,8.7977,16883.396825396827
NSTS,4439595,12.402,3740.2063492063494
NTRB,4411784,7.67,47046.28571428572
NTIC,7821371,7.245,31910.714285714286
NTRBW,4411784,2.23,2605.483870967742
NTRP,3887761,3.25,128030.6507936508
NTWK,9958732,2.9154,18024.571428571428
NUKK,3769638,14.05,164550.2380952381
NVAC,604573,12.25,119.62903225806451
NVCT,12936391,8.89,137877.85714285713
NVNO,17374493,3.96,90978.74603174604
NXGL,6440604,2.31,37909.333333333336
NXU,1785011,2.45,359659.8387096774
NYC,959933,9.95,4980.047619047619
NYXH,12785528,7.785,169924.25396825396
OAKU,2471857,11.75,862.9032258064516
OBIO,17413037,3.235,388375.1746031746
OAKUU,2471857,11.61,0.0
OBLG,1105343,3.0019,410313.3968253968
OCC,5687927,2.79,20032.698412698413
OCX,7754982,2.965,56817.90476190476
OCG,12404279,5.87,78802.76190476191
OLB,2238125,2.1708,709134.2063492064
OGEN,698342,3.94,196970.49206349207
ONVO,1286856,2.04,266165.43548387097
OPAL,16811803,3.17,213018.20634920636
OPBK,11539773,12.23,51334.666666666664
OPGN,2828132,4.4,13484.666666666666
OPHC,9518024,4.34,20830.428571428572
ONEW,12693561,15.085,151265.61904761905
OPRX,14305044,14.605,611711.9047619047
OPXS,3590165,9.15,22518.460317460318
OST,1935695,5.93,2750555.396825397
OSS,15450548,3.3043,131837.55555555556
PAL,19554187,7.32,298503.74603174604
OWLT,9443695,6.32,40546.90476190476
PBBK,1877573,16.07,4533.919354838709
PBFS,8066564,11.38,14361.126984126984
PBM,70842,5.41,83324.74603174604
PBHC,3345502,15.25,4101.809523809524
PCB,10705765,19.35,36586.93650793651
PCSC,4882538,10.615,3058.064516129032
PCYO,18392852,10.215,58070.4126984127
PDLB,16962677,13.3,46152.25396825397
PESI,17129474,9.995,187474.6349206349
PETS,14017220,3.99,156342.11111111112
PFTA,507406,10.76,0.0
PFTAU,507406,10.85,0.0
PHIO,4793356,3.085,3239829.793650794
PIII,1199554,6.475,12910.41935483871
PIK,722867,2.38,1522.4516129032259
PINE,13010822,15.33,78617.57142857143
PKBK,9673986,19.265,23485.904761904763
PKE,18499276,14.105,50819.269841269845
PKOH,9099155,17.55,27616.777777777777
PLAG,4188507,2.71,216943.6984126984
PLAO,4541400,11.85,294.241935483871
PLSE,17403748,17.25,183641.09523809524
PLUR,3841343,4.675,18300.555555555555
PMD,4305127,2.67,3006.435483870968
POCI,5681226,4.7,21505.74603174603
PODC,5538730,2.1,23474.74603174603
PPBT,2601382,2.6,104753.52380952382
PPIH,7177127,14.6766,27632.777777777777
PPSI,8634998,2.8,50850.206349206346
PRE,9176574,8.11,20400.444444444445
PRFX,1340751,2.04,1328738.5396825396
PROP,19451620,3.93,656386.9047619047
PROV,4216282,15.79,5616.539682539683
PRPO,1334713,11.0775,11171.126984126984
PRT,7272066,3.9,36309.8253968254
PRTG,551729,8.52,1346527.126984127
PTIX,491613,3.63,2037007.3015873015
PULM,3628107,8.935,19034.06349206349
PVBC,13500198,11.68,47670.68253968254
PXS,4367468,2.79,21744.920634920636
PYPD,4610773,3.265,31484.920634920636
QETA,826566,10.72,3041.967741935484
QETAU,826566,10.65,167.74193548387098
QLGN,735989,3.7381,57450.93650793651
QMCO,5213090,10.6531,1841218.0317460317
QNRX,18047816,8.93,286868.49206349207
QRHC,13760663,2.19,103643.33333333333
QUIK,13705159,5.7,132781.7619047619
RAPP,14934070,12.78,220806.2857142857
RAIL,12063179,8.16,266294.5396825397
RAVE,7874913,2.618,18201.095238095237
RBKB,2777554,11.73,7620.650793650793
RBB,14348708,16.785,33986.46031746032
RBOT,3104800,7.65,18331.14285714286
RCON,7258117,2.1,13901.492063492064
RDCM,10254384,13.0,41962.84126984127
RDIB,15328703,11.5,7812.523809523809
REBN,3701602,2.455,89898.44444444444
RECT,2400040,4.65,11668.174603174602
REFI,17982949,14.375,128036.42857142857
RENE,5306612,11.75,50736.0
RELL,11946664,9.28,63503.76190476191
RENT,2296487,8.88,99788.87301587302
RETO,6195142,3.223,157279.90476190476
RFAIU,11153537,10.49,24.193548387096776
RFAI,11153537,10.51,12006.483870967742
RFIL,8450543,4.06,31826.079365079364
RILY,16095741,3.115,856501.0793650794
RILYL,16095741,2.3575,8558.126984126984
RILYP,16095741,2.16,7108.412698412699
RKDA,1355830,5.0084,11444.15873015873
RMAX,15145535,7.805,154681.3650793651
RMBI,7325590,13.52,34363.46031746032
RMR,15358125,15.255,168002.03174603175
RNAC,9342507,10.39,97957.8253968254
RNAZ,36698,7.24,338781.0
RNGR,19083323,11.8229,145178.53968253967
ROMA,5893508,3.8345,110569.69841269842
RPID,19102732,3.7,171849.42857142858
RRGB,15110114,6.7482,922502.1904761905
RSLS,736764,4.26,1638079.9841269841
RSVR,14992836,7.27,56194.22222222222
SAMG,8963110,14.9307,66710.52380952382
RVSB,14788641,5.475,154132.3650793651
SBEV,1294064,3.75,1851249.349206349
SANW,1093175,5.52,7186.603174603175
SCLX,4990167,6.88,119908.33333333333
SBFG,4724844,18.2263,20655.26984126984
SCOR,2627666,5.055,10258.984126984127
SCVL,17478956,19.41,575702.2063492064
SDHC,8606547,19.87,63971.87301587302
SELF,1238614,5.6947,31874.52380952381
SER,2792960,5.95,11644.190476190477
SEVN,14442924,11.78,46228.68253968254
SGA,3711186,12.43,6918.0
SGMA,4666447,2.99,413749.65079365077
SGC,10549659,10.355,58901.77777777778
SHFS,1105987,2.44,761303.5396825396
SHIP,13908482,6.465,156855.53968253967
SHLT,10360993,2.05,2808.548387096774
SHMD,11434322,2.69,32018.20634920635
SILC,5442056,14.675,18952.444444444445
SIF,3815569,3.6376,10502.650793650793
SINT,2225097,2.86,153080.79365079364
SKIL,4322881,18.59,29296.539682539682
SKLZ,10475556,6.29,70836.36507936507
SKYE,16089248,2.4,705058.8412698413
SLGL,794471,7.0,27029.11111111111
SLND,12553084,3.84,39890.87301587302
SLNG,1926763,5.2447,12463.57142857143
SNBR,17101729,9.455,757282.5714285715
SLNHP,7864049,3.685,4806.467741935484
SNCR,9487061,7.13,109467.31746031746
SNES,1685251,2.8491,97446.58730158731
SNFCA,13663641,9.92,37709.12698412698
SNOA,1594825,3.36,2632705.714285714
SNPX,1380698,2.546,11758.317460317461
SNT,13472308,3.7395,35357.920634920636
SNTI,11832491,3.6701,89375.68253968254
SOAR,1285150,2.08,537064.5873015873
SOBR,1227048,3.66,264781.0
SOHOB,15480914,16.03,833.9032258064516
SOHON,15480914,16.365,1055.741935483871
SOHOO,15480914,15.99,851.483870967742
SOHU,18484028,10.52,118328.93650793651
SOTK,12221211,3.725,7645.746031746032
SPCB,3191694,12.07,236800.17460317462
SPKLU,10000060,10.79,79.83870967741936
SPKL,10000060,10.8853,33113.47619047619
SPOK,18674913,16.4279,146351.17460317462
SPPL,1460588,2.9101,21335.126984126986
SQFT,1174189,5.1478,3038.6349206349205
SQFTP,1174189,14.025,2913.3650793650795
SRBK,8544710,13.1,46267.98412698413
SRFM,10963997,2.41,247259.73015873015
SRL,7370661,6.32,4318.428571428572
SRTS,13858807,4.93,101927.04761904762
SRZN,5668374,8.7,11549.57142857143
SSBI,4609350,9.85,17776.483870967742
SSKN,1172430,2.4001,7699.523809523809
SSTI,9601774,16.28,61855.01587301587
STBX,521817,2.11,749684.0
STG,1000946,5.76,3178.904761904762
STHO,10147900,7.34,112312.33333333333
STI,1183566,3.54,429139.3968253968
STRR,2298626,2.17,30381.174603174604
STRRP,2298626,9.2185,2272.8064516129034
STRS,5540034,19.11,7431.6984126984125
STSS,1017855,6.13,1506145.857142857
STRW,7365878,10.0863,78430.26984126984
SUNS,8801010,10.8799,119568.11111111111
SURG,14308700,2.84,1669284.888888889
SVCO,7954346,4.805,121254.33333333333
SVII,2213438,11.7501,11025.42857142857
SVIIU,2213438,11.8,33.87096774193548
SWKH,2358588,14.345,24533.238095238095
SWVL,5393107,4.705,18478.25396825397
SXTP,1322965,2.99,1613940.238095238
SYPR,10291571,2.03,21119.539682539682
SYTA,5097185,3.5606,8561976.07936508
TACT,6590370,3.66,13838.15873015873
TAIT,3172981,2.1949,13901.79365079365
TANH,1271256,2.12,183481.90476190476
TAOP,286446,7.01,507796.6349206349
TASK,11503397,16.745,485964.0317460318
TBMC,1941953,11.76,29634.555555555555
TCOA,5724146,10.51,0.0
TCBS,2177457,15.9,2660.3015873015875
TCRT,1555594,2.94,482274.2698412698
TCX,7712557,19.55,28219.968253968254
TELO,17618311,2.095,189360.87301587302
TENX,4091921,5.99,15975.396825396825
TETE,2692190,12.5,15.983870967741936
TGAA,1780990,11.37,602.7258064516129
TGAAU,1780990,11.11,0.0
THRD,15603387,5.295,583864.4285714285
TISI,2736700,19.1,26899.444444444445
TIVC,765790,4.006,1261928.5238095238
TITN,18496771,18.83,287737.7619047619
TKLF,13333987,3.7999,24279.428571428572
TKNO,10246207,5.97,445154.5238095238
TLF,4215927,3.24,18702.396825396827
TOPS,1006059,7.56,79496.36507936507
TORO,9142577,2.02,39426.01587301587
TOYO,8145624,3.412,12643.015873015873
TLGY,3717204,11.64,12878.90322580645
TPCS,8792440,3.7,45135.8253968254
TPST,3406099,8.17,58443.22222222222
TRDA,18649706,8.37,139798.80952380953
TRML,13897981,19.625,361385.55555555556
TRT,2365919,5.1176,6972.285714285715
TSAT,518219,16.125,89060.25396825396
TSQ,13283800,7.09,78612.09523809524
TTEC,19509244,5.0,640112.8253968254
TTSH,13281656,6.35,77388.84126984127
TTNP,307521,4.7778,42684.01587301587
TURB,5000129,2.22,8931.682539682539
TURN,8664822,3.955,39649.5873015873
TYRA,15533291,10.69,336637.4126984127
TWIN,10072569,7.35,52899.80952380953
TZOO,6282588,13.52,118684.22222222222
UBCP,4912394,13.74,5265.841269841269
UBXG,1954899,3.36,27310.920634920636
UBFO,13659185,8.55,28477.84126984127
UEIC,8823239,6.795,78791.76190476191
UCAR,3555951,3.1225,86683.71428571429
UFI,13799874,5.02,66613.28571428571
UG,2949185,8.1692,8675.873015873016
UHG,11838854,3.54,255333.42857142858
ULY,1034454,4.8458,166291.3492063492
ULBI,10595365,7.5,76033.01587301587
UPC,42879,4.1288,355237.38095238095
USAU,10926350,13.85,372754.7619047619
USGO,1636412,9.4,29869.84126984127
USCB,13671595,16.38,30262.761904761905
UUU,1713248,2.9,35062.28571428572
UTSI,3418573,2.5,2269.048387096774
VCIG,3539497,3.46,924298.3333333334
VATE,4074361,5.66,46097.88888888889
VEEE,1208877,2.52,1730831.4444444445
VERB,1174294,8.98,66040.50793650794
VEL,3835989,16.97,147305.6507936508
VGAS,3534256,3.24,9792.91935483871
VERO,1310123,3.1103,2108687.238095238
VHC,3650096,11.4,8582.539682539682
VHI,2384119,14.8829,17420.634920634922
VINP,8998843,9.505,73343.55555555556
VIRC,10681822,8.385,78395.95238095238
VISL,1809012,2.41,3715.9523809523807
VMAR,1076908,7.4893,90445.58730158731
VMCAU,1482012,11.37,25.516129032258064
VRA,17313063,2.09,220008.3650793651
VS,1756565,2.25,23853.47619047619
VSTA,7733876,4.18,54948.269841269845
VTSI,10879708,6.62,96048.06349206349
VTVT,3563342,16.3133,20137.06349206349
VVOS,5563888,2.2682,95665.26984126984
VVPR,7578395,5.975,6248700.857142857
WBTN,17510392,8.82,339784.84126984124
WBUY,448633,6.8401,1024076.9523809524
WEST,13993644,6.81,309334.1904761905
WFCF,1901687,9.9,2710.063492063492
WHLM,372235,3.3,2898.4285714285716
WHG,6282385,15.5,18260.04761904762
WHLR,434640,4.655,231104.2380952381
WHLRP,434640,3.91,3526.5396825396824
WILC,3363199,15.99,8020.222222222223
WIMI,6731867,2.6305,787981.1746031746
WINV,346784,12.74,1139.016129032258
WKEY,2842099,6.5425,140372.20634920636
WKSP,4852241,3.255,224963.20634920636
WPRT,14263193,2.85,25009.984126984127
WNEB,15064407,9.285,63748.50793650794
WSBF,16546867,13.32,51864.730158730155
WTBA,15092350,18.95,29343.79365079365
WTMAU,1484104,11.29,24.193548387096776
WVVI,3821148,5.95,5585.476190476191
WVVIP,3821148,3.19,2494.3809523809523
WYY,7479517,3.505,106818.55555555556
XBIO,1182805,2.9565,8247.52380952381
XBIT,19852696,2.845,51522.74603174603
XCUR,2395825,9.64,19929.84126984127
XFOR,4369300,4.2995,128786.06349206349
XGN,11082827,7.44,207845.39682539683
XOS,6095629,3.12,60643.142857142855
YOSH,745253,13.0095,34772.80952380953
YOTA,470784,12.1,1303.225806451613
ZDGE,11212731,2.63,38697.52380952381
ZEO,1494114,2.7,2100801.0317460317
ZKIN,4207531,2.37,2340167.8095238097
ZUMZ,16051475,11.88,339105.25396825396
ZONE,1919456,4.15,271060.7301587302
ZYXI,15645594,2.22,330996.1904761905
